{"loss": [1.629738450050354, 1.1329487562179565, 0.9546131491661072, 0.847289502620697, 0.7737860083580017, 0.7246888875961304, 0.6783704161643982, 0.6358815431594849, 0.6048452258110046, 0.573042094707489, 0.5462844371795654, 0.5236325263977051, 0.5048450231552124, 0.49278926849365234, 0.47315874695777893, 0.4529026448726654, 0.43922561407089233, 0.42058491706848145, 0.4049150049686432, 0.39845210313796997, 0.3824567198753357, 0.37220749258995056, 0.3607320785522461, 0.3520614206790924, 0.3475738763809204, 0.33630895614624023, 0.32957300543785095, 0.32303598523139954, 0.3132339119911194, 0.30495592951774597, 0.2998177707195282, 0.2928147315979004, 0.289296954870224, 0.28114208579063416, 0.27443501353263855, 0.27042749524116516, 0.2579571008682251, 0.2634041905403137, 0.2555834949016571, 0.24708369374275208], "accuracy": [0.45895999670028687, 0.608739972114563, 0.667959988117218, 0.7046399712562561, 0.7267799973487854, 0.7450000047683716, 0.7598999738693237, 0.7761200070381165, 0.7871000170707703, 0.7964000105857849, 0.8069000244140625, 0.8140199780464172, 0.8206999897956848, 0.8252800107002258, 0.8329399824142456, 0.8375399708747864, 0.844980001449585, 0.8494200110435486, 0.8557800054550171, 0.8582599759101868, 0.863860011100769, 0.8668799996376038, 0.8705199956893921, 0.8746600151062012, 0.8762800097465515, 0.8803200125694275, 0.8817399740219116, 0.8843200206756592, 0.8891599774360657, 0.8918799757957458, 0.8929399847984314, 0.8937600255012512, 0.8969399929046631, 0.8992000222206116, 0.9051200151443481, 0.9019200205802917, 0.9073200225830078, 0.905460000038147, 0.9097599983215332, 0.9128599762916565], "val_loss": [1.1428120136260986, 0.9748919010162354, 0.8173105120658875, 0.7369294166564941, 0.697073757648468, 0.7981698513031006, 0.6415842175483704, 0.648572564125061, 0.6132274866104126, 0.6306401491165161, 0.5968812704086304, 0.6082948446273804, 0.62998366355896, 0.5687331557273865, 0.5629830360412598, 0.5575124025344849, 0.5513927936553955, 0.6146398782730103, 0.5556635856628418, 0.5471044778823853, 0.5552949905395508, 0.563610851764679, 0.5480784773826599, 0.5475670695304871, 0.5473635792732239, 0.558047890663147, 0.5380723476409912, 0.5596370100975037, 0.5639906525611877, 0.5389343500137329, 0.5665451884269714, 0.5583731532096863, 0.5486891865730286, 0.5766027569770813, 0.5520083904266357, 0.5552448630332947, 0.5517805814743042, 0.5662583708763123, 0.5439245104789734, 0.5479636788368225], "val_accuracy": [0.5855000019073486, 0.6514000296592712, 0.711899995803833, 0.7448999881744385, 0.7523000240325928, 0.7143999934196472, 0.7767999768257141, 0.7767000198364258, 0.7896999716758728, 0.7818999886512756, 0.7954999804496765, 0.7924000024795532, 0.7814000248908997, 0.8054999709129333, 0.8070999979972839, 0.8080000281333923, 0.8112999796867371, 0.7990000247955322, 0.8118000030517578, 0.8141000270843506, 0.8149999976158142, 0.8119999766349792, 0.8137000203132629, 0.8169999718666077, 0.8177000284194946, 0.8159999847412109, 0.8230999708175659, 0.8166999816894531, 0.8187999725341797, 0.8226000070571899, 0.8203999996185303, 0.8199999928474426, 0.8252000212669373, 0.8167999982833862, 0.8222000002861023, 0.8219000101089478, 0.8252000212669373, 0.8220000267028809, 0.8256999850273132, 0.8270000219345093]}